<worksheet>
  <compgraph>
    <source type="recursionscheme" file="urzyczyn.rs" />
  </compgraph>
  <traversal>
    <occ>
      <color>CornflowerBlue</color>
      <label>λ [S:0]</label>
      <link>0</link>
      <shape>ShapeOval</shape>
      <graphnode type="node" index="0" />
    </occ>
    <occ>
      <color>Coral</color>
      <label>[ [5]</label>
      <link>1</link>
      <shape>ShapeRectangle</shape>
      <graphnode type="node" index="5" />
    </occ>
    <occ>
      <color>CornflowerBlue</color>
      <label>λ [7]</label>
      <link>1</link>
      <shape>ShapeOval</shape>
      <graphnode type="node" index="7" />
    </occ>
    <occ>
      <color>Coral</color>
      <label>@ [6]</label>
      <link>0</link>
      <shape>ShapeRectangle</shape>
      <graphnode type="node" index="6" />
    </occ>
    <occ>
      <color>CornflowerBlue</color>
      <label>λ\varphi x y z [D:1]</label>
      <link>1</link>
      <shape>ShapeOval</shape>
      <graphnode type="node" index="1" />
    </occ>
    <occ>
      <color>Coral</color>
      <label>3 [14]</label>
      <link>5</link>
      <shape>ShapeRectangle</shape>
      <graphnode type="node" index="14" />
    </occ>
    <occ>
      <color>CornflowerBlue</color>
      <label>λ [16]</label>
      <link>1</link>
      <shape>ShapeOval</shape>
      <graphnode type="node" index="16" />
    </occ>
    <occ>
      <color>Coral</color>
      <label>[ [15]</label>
      <link>7</link>
      <shape>ShapeRectangle</shape>
      <graphnode type="node" index="15" />
    </occ>
    <occ>
      <color>White</color>
      <label>...</label>
      <link>0</link>
      <shape>ShapeRectangle</shape>
      <graphnode type="custom" />
    </occ>
  </traversal>
  <editablepstring>
    <occ>
      <color>White</color>
      <label>a</label>
      <link>0</link>
      <shape>ShapeRectangle</shape>
      <graphnode type="custom" />
    </occ>
    <occ>
      <color>White</color>
      <label>b</label>
      <link>1</link>
      <shape>ShapeRectangle</shape>
      <graphnode type="custom" />
    </occ>
    <occ>
      <color>White</color>
      <label>c</label>
      <link>2</link>
      <shape>ShapeRectangle</shape>
      <graphnode type="custom" />
    </occ>
    <occ>
      <color>White</color>
      <label>d</label>
      <link>1</link>
      <shape>ShapeRectangle</shape>
      <graphnode type="custom" />
    </occ>
    <occ>
      <color>White</color>
      <label>e</label>
      <link>1</link>
      <shape>ShapeRectangle</shape>
      <graphnode type="custom" />
    </occ>
    <occ>
      <color>White</color>
      <label>f</label>
      <link>3</link>
      <shape>ShapeRectangle</shape>
      <graphnode type="custom" />
    </occ>
    <occ>
      <color>White</color>
      <label>g</label>
      <link>1</link>
      <shape>ShapeRectangle</shape>
      <graphnode type="custom" />
    </occ>
    <occ>
      <color>White</color>
      <label>h</label>
      <link>6</link>
      <shape>ShapeRectangle</shape>
      <graphnode type="custom" />
    </occ>
  </editablepstring>
</worksheet>